,ADDRESS,CAMIS,Latitude,Longitude
41,976  RUTLAND ROAD,40363920,40.66211766,-73.92713254
56,261        DRIGGS AVENUE ,40364404,40.72259747,-73.94817957
57,62 CHARLES STREET,40364439,40.7348474,-74.00310474
70,56 9 AVENUE,40364715,40.74124489,-74.0050236
73,225 EAST 60 STREET,40364863,40.76198147,-73.96550887
79,390        HYLAN BOULEVARD ,40365022,40.60961219,-74.07446212
87,3 EAST 52 STREET,40365264,40.75977965,-73.97612172
194,2725       86 STREET ,40367860,40.59450893,-73.98143828
208,2001       HYLAN BOULEVARD ,40368291,40.5811179,-74.0988555
222,180        PRINCE STREET ,40368752,40.7262972,-74.00208416
250,1 WATER STREET,40369608,40.70296069,-73.99448012
331,114        BAYRIDGE AVENUE ,40372999,40.63742139,-74.03166359
355,2716 GERRITSEN AVENUE,40374268,40.59288342,-73.92527211
381,1619 86 STREET,40375972,40.60978226,-74.00670647
478,650        FOREST AVENUE ,40381811,40.62965059,-74.110793
483,94 AVENUE A,40382367,40.72552446,-73.98383781
512,5977       BROADWAY ,40383819,40.88975009,-73.89853518
577,35 WEST 20 STREET,40386619,40.74020451,-73.99205652
594,280        WATCHOGUE ROAD ,40387243,40.6161415,-74.1386145
616,200        VARICK STREET ,40388194,40.72838182,-74.00527589
673,84 COURT STREET,40389903,40.69139141,-73.99162514
726,1310 BROADWAY,40391562,40.69053979,-73.92400913
848,293        BROADWAY ,40394916,40.70854691,-73.95807229
862,315        WEST 54 STREET ,40395152,40.76503655,-73.9847142
863,220        EAST 86 STREET ,40395200,40.77856404,-73.95352214
893,3533 BROADWAY,40395872,40.8262636,-73.950656
955,8812       4 AVENUE ,40397335,40.62117432,-74.02909174
974,6334 AVENUE N,40397725,40.61952958,-73.91668754
1000,3482       NOSTRAND AVENUE ,40398549,40.59885264,-73.9416587
1007,1709 WEBSTER AVENUE,40398642,40.84335575,-73.90345747
1018,261 AVENUE X,40398899,40.59026697,-73.9732564
1072,3601       RIVERDALE AVENUE ,40399988,40.88664278,-73.90709697
1079,4413 13 AVENUE,40400149,40.63770876,-73.9892339
1108,236 EAST 53 STREET,40400686,40.75730142,-73.96858744
1139,2579 CROPSEY AVENUE,40401224,40.59069668,-73.99170092
1171,105        HUDSON STREET ,40401946,40.7193229,-74.00876725
1236,92         NASSAU AVENUE ,40403830,40.72389708,-73.95022569
1267,3978       WHITE PLAINS ROAD ,40423830,40.88791575,-73.86031534
1315,1535 BROADWAY,40483695,40.75808691,-73.98558758
1315,1535 BROADWAY,40483695,40.75808691,-73.98558758
1337,207 MADISON STREET,40511292,40.71273199,-73.98959566
1361,967        LEXINGTON AVENUE ,40512445,40.76922294,-73.96299802
1369,14 EAST 47 STREET,40512865,40.75624073,-73.97772905
1370,210 SPRING STREET,40512868,40.72535652,-74.00373121
1382,505 51 STREET,40513662,40.64449898,-74.0107064
1497,810 7 AVENUE,40537494,40.76265531,-73.98220583
1503,57 EAST 57 STREET,40538563,40.76213946,-73.97185973
1507,352 SEVENTH AVENUE,40539007,40.74801931,-73.99287302
1525,4797 BROADWAY,40543458,40.86614233,-73.92571406
1585,119 WEST KINGSBRIDGE ROAD,40549885,40.86873065,-73.90228892
1601,732 EAST 187 STREET,40552226,40.85379274,-73.8834291
1632,481 8 AVENUE,40559634,40.75223646,-73.99351277
1721,2431       JEROME AVENUE ,40570910,40.86206987,-73.90173963
1743,149        SULLIVAN STREET ,40573141,40.72711733,-74.00175225
1754,3599       EAST TREMONT AVENUE ,40574209,40.82906718,-73.82462748
1760,295 SMITH STREET,40574733,40.6818992,-73.99365494
1779,179        BEDFORD AVENUE ,40576286,40.71794693,-73.9575115
1794,1126 EASTERN PARKWAY,40577841,40.66852196,-73.93106188
1812,153 EAST 53 STREET,40580298,40.75822281,-73.97048714
1837,424        AVENUE P ,40585193,40.60889343,-73.9717984
1858,1 PENN PLAZA,40587720,40.75093801,-73.99159398
1886,1515       WILLIAMSBRIDGE ROAD ,40592181,40.84474999,-73.84661354
2009,265        WEST 52 STREET ,40610087,40.76323995,-73.98432686
2034,4305 18 AVENUE,40616388,40.63119581,-73.97608166
2046,101        ST MARKS PLACE ,40618557,40.72749585,-73.98491288
2049,119        7 AVENUE ,40619544,40.74053003,-73.9981609
2053,1451       RICHMOND AVENUE ,40620427,40.61264548,-74.15877954
2057,917        UTICA AVENUE ,40622348,40.65065496,-73.93019229
2091,400 WEST 14 STREET,40635770,40.74091769,-74.00544957
2104,1232 MADISON AVENUE,40640495,40.78269984,-73.95755392
2147,110        ST MARKS PLACE ,40652550,40.72736067,-73.98488969
2155,2911 AVENUE U,40654457,40.60041495,-73.94250852
2190,1359 1 AVENUE,40661616,40.76849109,-73.95558026
2202,217 DYCKMAN STREET,40664018,40.86552866,-73.92718433
2266,240 WEST 54 STREET,40676801,40.76411271,-73.98281003
2268,172 7 AVENUE,40677036,40.74235038,-73.99700012
2272,253        10 AVENUE ,40677704,40.74891713,-74.00335968
2281,1841       WESTCHESTER AVENUE ,40680764,40.83243255,-73.86461757
2284,24 WEST 56 STREET,40681411,40.76257682,-73.97528447
2295,1221       AVENUE OF THE AMERICAS ,40685858,40.75874897,-73.98134796
2302,337        UTICA AVENUE ,40686822,40.66646988,-73.93127369
2326,9505 AVENUE L,40692961,40.63773855,-73.89685484
2346,560        MANHATTAN AVENUE ,40697593,40.72233438,-73.94987694
2357,15 EAST 15 STREET,40698892,40.73660701,-73.99277126
2397,75         WASHINGTON PLACE ,40705931,40.73218685,-74.00011611
2442,1 WALKER STREET,40716092,40.72000379,-74.00567896
2480,28         MOTT STREET ,40720599,40.71465506,-73.99874499
2504,616        FOREST AVENUE ,40723936,40.62996855,-74.10968245
2563,724 BROADWAY,40733412,40.7292454,-73.99345908
2567,1305 86 STREET,40734506,40.61401615,-74.01372984
2576,556 DRIGGS AVENUE,40735858,40.71705023,-73.95651276
2605,485 AMSTERDAM AVENUE,40738920,40.78585993,-73.97626503
2608,29         WEST 26 STREET ,40739276,40.74414437,-73.98969502
2610,3161 BROADWAY,40739378,40.81466308,-73.95911515
2617,10110 FOSTER AVENUE,40740949,40.6503027,-73.90253175
2632,3611 KINGSBRIDGE AVENUE,40742997,40.88397939,-73.90250225
2661,19 CLEVELAND PLACE,40746835,40.7215343,-73.99729688
2744,61 COLUMBUS AVENUE,40760523,40.77115867,-73.98337044
2754,28 BOWERY,40762853,40.71504962,-73.99687882
2776,120 ESSEX STREET,40781636,40.7193938,-73.98769129
2806,1465 FOREST AVENUE,40786914,40.62448705,-74.13742427
2927,2450 BROADWAY,40811162,40.79116184,-73.97425027
2967,100 WEST HOUSTON STREET,40819315,40.72721214,-74.0003468
2974,3901 4 AVENUE,40820348,40.65258249,-74.00613423
3025,253        WEST 55 STREET ,40832580,40.76503513,-73.98277388
3075,1375 AVENUE OF THE AMERICAS,40843676,40.76353613,-73.97784811
3078,35 WEST 57 STREET,40844307,40.76349819,-73.97508244
3079,4920 5 AVENUE,40844457,40.6455765,-74.00992207
3091,790 8 AVENUE,40847331,40.76124165,-73.98678279
3157,201 PORT RICHMOND AVENUE,40859127,40.63630145,-74.13443001
3231,982        SOUTHERN BOULEVARD ,40869179,40.82250279,-73.89168456
3305,70 WEST 3 STREET,40879743,40.72951109,-73.99839916
3371,495        3 AVENUE ,40889792,40.74528704,-73.97835773
3414,1497       RICHMOND AVENUE ,40901214,40.6114821,-74.1591007
3434,261 8 AVENUE,40906355,40.74534013,-73.99853511
3448,271 WEST 23 STREET,40909191,40.74485676,-73.99729743
3471,702 AMSTERDAM AVENUE,40914702,40.79279834,-73.97136563
3513,114 NORTH 6 STREET,40922618,40.71824006,-73.95997606
3568,158 LUDLOW STREET,40929097,40.72117968,-73.987719
3572,324 BOWERY,40929352,40.72546536,-73.99219965
3640,2425 GRAND CONCOURSE,40936004,40.86050269,-73.89826329
3716,3371 BROADWAY,40944982,40.82113504,-73.95440263
3759,29 CLINTON STREET,40949185,40.72037007,-73.98448365
3789,125        PARK AVENUE ,40951896,40.75151363,-73.97803703
3846,401        FOREST AVENUE ,40962159,40.63097181,-74.10318912
3873,12 EAST 22 STREET,40966216,40.74046728,-73.98924184
3902,1840       2 AVENUE ,40970904,40.78356322,-73.94750609
3954,1710 VICTORY BOULEVARD,40980062,40.613223,-74.120662
3981,1854 HYLAN BOULEVARD,40984264,40.58383375,-74.09483921
4032,440 9 AVENUE,40991835,40.75369645,-73.99599668
4033,1112       WESTCHESTER AVENUE ,40992020,40.82533329,-73.89048394
4040,259        WEST 4 STREET ,40993101,40.73538046,-74.00322154
4043,245 5 AVENUE,40993542,40.7444923,-73.98735334
4045,523        9 AVENUE ,40993654,40.75657242,-73.99406928
4091,126 RIVINGTON STREET,40998924,40.71971555,-73.98696096
4154,18 SPRING STREET,41005098,40.72135265,-73.99496675
4164,338 UNION STREET,41006183,40.6815667,-73.99388047
4178,10 COLUMBUS CIRCLE,41007719,40.76764579,-73.98221349
4188,175 2 AVENUE,41008526,40.73042569,-73.98642434
4272,285        COLUMBUS AVENUE ,41016886,40.77826666,-73.97808544
4291,7708       3 AVENUE ,41019083,40.62996144,-74.0284808
4305,2110 RICHMOND ROAD,41020367,40.58130742,-74.11170235
4328,324        5 AVENUE ,41022637,40.6729,-73.98328103
4351,180        MADISON AVENUE ,41025331,40.74756249,-73.98318721
4373,300 WEST 23 STREET,41028791,40.74528204,-73.9986064
4465,205 10 AVENUE,41042010,40.74714783,-74.00464485
4490,191        CHRYSTIE STREET ,41046455,40.72173623,-73.99206561
4492,49 BROADWAY,41046492,40.70655883,-74.01276684
4538,75 INNIS STREET,41053864,40.63410806,-74.14379429
4580,435        HUDSON STREET ,41060064,40.73059438,-74.00686877
4620,142        MERCER STREET ,41065858,40.72469843,-73.99844374
4635,5660       MOSHOLU AVENUE ,41067996,40.90511873,-73.90150521
4702,300        WEST 114 STREET ,41076314,40.80308544,-73.95639994
4716,132 EAST 61 STREET,41077927,40.76366589,-73.96786234
4725,1377 SUTTER AVENUE,41079206,40.6735418,-73.86707559
4762,1032 CONEY ISLAND AVENUE,41083785,40.63250062,-73.96691122
4834,354 3 AVENUE,41091944,40.74066828,-73.98189161
4876,1462       1 AVENUE ,41097286,40.77036834,-73.95404434
4921,280        MARSH AVENUE ,41101925,40.57745511,-74.16419613
4925,68         GREENPOINT AVENUE ,41102912,40.72975776,-73.95828711
4963,9 EAST 18 STREET,41106233,40.73830879,-73.99118767
4981,136        WEST 55 STREET ,41108105,40.76342609,-73.97924084
4992,424        WEST 42 STREET ,41109419,40.7588114,-73.99368713
5023,303 HALSEY STREET,41114613,40.68290731,-73.94075089
5028,9201 4 AVENUE,41115447,40.61830102,-74.03011433
5068,189 WEST 10 STREET,41120361,40.73429849,-74.00303197
5068,189 WEST 10 STREET,41120361,40.73429849,-74.00303197
5071,106 KENMARE STREET,41120866,40.72117747,-73.99676727
5086,1351 FOREST AVENUE,41123512,40.62593854,-74.13471435
5114,247 DYCKMAN STREET,41127243,40.86637133,-73.92816801
5120,1501       BROADWAY ,41128211,40.75662055,-73.98621372
5169,1260 BROADWAY,41135793,40.74830323,-73.9881012
5244,5212       5 AVENUE ,41144258,40.64393851,-74.01162522
5255,2428       CRESTON AVENUE ,41145185,40.86114568,-73.8989324
5262,11 PENN PLAZA,41146119,40.74913994,-73.99189472
5281,1678 3 AVENUE,41148325,40.78393635,-73.95033157
5298,193 COLUMBUS AVENUE,41149373,40.77523724,-73.98029652
5302,3791       EAST TREMONT AVENUE ,41149849,40.82516705,-73.82054235
5321,44  BEDFORD STREET,41152727,40.73045162,-74.00422651
5326,5622 8 AVENUE,41152958,40.63765398,-74.007403
5330,222        EAST 51 STREET ,41153141,40.75617638,-73.96980642
5404,8201 3 AVENUE,41158858,40.62633728,-74.02981037
5418,4126 HYLAN BOULEVARD,41160375,40.53882231,-74.14847672
5422,1360 FULTON STREET,41160851,40.68015457,-73.94621013
5438,35 EAST 18 STREET,41162796,40.73775669,-73.9898802
5449,2559       3 AVENUE ,41163361,40.81115271,-73.92697188
5483,1111       FULTON STREET ,41166331,40.68151019,-73.95720231
5574,241 WEST 42 STREET,41173328,40.75657948,-73.98808946
5574,241 WEST 42 STREET,41173328,40.75657948,-73.98808946
5584,2061 BROADWAY,41174407,40.77828945,-73.9820644
5627,2549 AMSTERDAM AVENUE,41177892,40.85146104,-73.92836845
5637,682 CASTLE HILL AVENUE,41178943,40.82075262,-73.84835918
5786,411        EAST 70 STREET ,41195747,40.7661267,-73.95593606
5787,2800 ATLANTIC AVENUE,41195795,40.6764383,-73.89091699
5799,6301 RIVERDALE AVENUE,41197457,40.9127371,-73.90259152
5899,199 EAST 3 STREET,41209159,40.72285041,-73.98324104
5931,303 MADISON AVENUE,41212839,40.7522894,-73.97957718
5957,805 3 AVENUE,41215734,40.75550316,-73.97090914
6030,444 9 STREET,41221671,40.66687604,-73.98169169
6038,248        EAST 52 STREET ,41222450,40.75656514,-73.96878417
6042,55         WEST 55 STREET ,41222773,40.7624585,-73.97664646
6052,92 7 AVENUE SOUTH,41223754,40.73281414,-74.00331878
6056,839 WESTCHESTER AVENUE,41224120,40.81971617,-73.90168851
6102,1193 1 AVENUE,41226964,40.76311213,-73.95950715
6112,2147 MILL AVENUE,41227684,40.61464477,-73.91290715
6160,214 FRONT STREET,41231878,40.70731609,-74.00267647
6185,488 AMSTERDAM AVENUE,41233598,40.78607853,-73.97627086
6208,27         AVENUE B ,41235437,40.72235234,-73.98311576
6217,961 EAST 174 STREET,41235890,40.83681011,-73.88590836
6238,719        SENECA AVENUE ,41236537,40.70268519,-73.90736042
6330,58 WEST 48 STREET,41242943,40.75812465,-73.98025436
6387,44         WEST 63 STREET ,41246951,40.77135712,-73.98222039
6397,1400 PELHAM PARKWAY SOUTH,41247535,40.85745161,-73.84764504
6408,858 9 AVENUE,41248529,40.76707991,-73.98623975
6411,620 8 AVENUE,41248591,40.75594294,-73.99064917
6424,1160 PUGSLEY AVENUE,41249587,40.8307439,-73.85700003
6453,1738       FLATBUSH AVENUE ,41251661,40.62803558,-73.9426934
6509,2          GOLD STREET ,41256599,40.70719523,-74.00738653
6510,1090       AMSTERDAM AVENUE ,41256607,40.80525709,-73.9622801
6516,1901 EMMONS AVENUE,41257282,40.58359714,-73.94958377
6525,606 NEPTUNE AVENUE,41258107,40.57991391,-73.97476604
6543,392 5 AVENUE,41259444,40.67081095,-73.98502411
6629,259        FLATBUSH AVENUE ,41265576,40.68005449,-73.97445748
6653,5721 8 AVENUE,41267394,40.63703679,-74.00786064
6659,817 ALLERTON AVENUE,41267759,40.86556703,-73.86331181
6665,5324 8 AVENUE,41267952,40.6393239,-74.00566553
6773,22         WEST 34 STREET ,41276535,40.74897919,-73.98624853
6804,2106 EAST 19 STREET,41278931,40.59905756,-73.95264318
6820,5535 BROADWAY,41280929,40.87813157,-73.90543167
6833,236 5 AVENUE,41282946,40.74420744,-73.98772575
6996,529 STANLEY AVENUE,41295972,40.65732207,-73.88876576
7031,112 DEKALB AVENUE,41298438,40.68975983,-73.97817766
7032,286 8 AVENUE,41298537,40.74616615,-73.9977708
7193,378        METROPOLITAN AVENUE ,41307350,40.71402428,-73.9555447
7203,3100 OCEAN PARKWAY,41308090,40.57614328,-73.96893824
7206,1845       RICHMOND AVENUE ,41308249,40.60307797,-74.16263023
7226,23 ST JAMES PLACE,41309709,40.71166031,-73.99973134
7226,23 ST JAMES PLACE,41309709,40.71166031,-73.99973134
7326,17 EAST 31 STREET,41316336,40.74605608,-73.98465877
7331,1660       EAST GUN HILL ROAD ,41316593,40.86604021,-73.83785901
7364,145 WEST 44 STREET,41318801,40.75694307,-73.98480469
7386,7218       18 AVENUE ,41320205,40.61504902,-73.99439666
7392,17 MOTT STREET,41320866,40.71426827,-73.99883203
7399,488 3 AVENUE,41321378,40.7451045,-73.97865579
7403,202 CENTRE STREET,41321686,40.71891042,-73.99915112
7428,607 2 AVENUE,41322812,40.74428122,-73.97630077
7434,50 HOYT STREET,41323499,40.68906147,-73.98620681
7462,440        7 AVENUE ,41326289,40.66333137,-73.98463702
7470,6103 20 AVENUE,41326963,40.61873862,-73.9834607
7479,129 FRONT STREET,41327489,40.70519554,-74.00626434
7483,1082       BAY STREET ,41328107,40.61654034,-74.06809525
7491,2660       HYLAN BOULEVARD ,41328851,40.56706,-74.113196
7543,1160 TELLER AVENUE,41332853,40.83144963,-73.91201455
7564,32 ST MARKS PLACE,41334807,40.72868276,-73.98802133
7566,1024 MORRIS PARK AVENUE,41334829,40.84843789,-73.85537018
7585,237 DYCKMAN STREET,41336495,40.86615413,-73.9279053
7592,4120       WHITE PLAINS ROAD ,41336841,40.8912947,-73.8584628
7623,1376 CONEY ISLAND AVENUE,41338411,40.6238932,-73.96508045
7641,116 AVENUE C,41340016,40.72439233,-73.97854895
7697,40 BOWERY,41346086,40.7154835,-73.99660552
7755,2751 BOSTON ROAD,41350166,40.86647977,-73.86120358
7825,104 2 AVENUE,41354976,40.72739329,-73.98846288
7875,18         BEDFORD AVENUE ,41360079,40.72343413,-73.95179527
7882,295        GREENWICH STREET ,41360734,40.71602295,-74.01095001
7949,3150 FULTON STREET,41363877,40.68173533,-73.8787144
8095,1695       PRESIDENT STREET ,41374089,40.66705521,-73.93101718
8120,662        FULTON STREET ,41375578,40.68671631,-73.97557369
8175,552 SENECA AVENUE,41377990,40.70494563,-73.91141824
8179,130        EAST 29 STREET ,41378305,40.74319682,-73.98199636
8234,328 MYRTLE AVENUE,41381773,40.69320519,-73.97344616
8268,314 COURT STREET,41382948,40.68345902,-73.99544582
8290,848 WASHINGTON STREET,41384154,40.74064547,-74.00777572
8309,1324 AVENUE J,41385083,40.62495001,-73.96299578
8354,1406 86 STREET,41387129,40.61258861,-74.01158517
8371,182 AUDUBON AVENUE,41387576,40.84421701,-73.93572402
8378,93 MACDOUGAL STREET,41388157,40.72929218,-74.00117119
8391,326 EAST 6 STREET,41388838,40.72707662,-73.98791389
8393,1419 CONEY ISLAND AVENUE,41388845,40.62293194,-73.96475265
8404,325 8 AVENUE,41389126,40.74730816,-73.9971064
8427,1836 MCDONALD AVENUE,41390294,40.60800196,-73.97291386
8474,41         NEWKIRK PLAZA ,41393176,40.63525331,-73.96264257
8624,50 BROADWAY,41396908,40.70659054,-74.0125694
8628,60         HANCOCK STREET ,41397316,40.58878466,-74.09523146
8684,122 UNION STREET,41400890,40.68421473,-74.00258992
8691,2515 BOSTON ROAD,41401433,40.86367868,-73.86498616
8713,31 WEST 17 STREET,41402635,40.73839549,-73.99321337
8721,5722  CLARENDON ROAD,41403222,40.6448126,-73.92261853
8740,301 PARK AVENUE,41404013,40.75654812,-73.974362
8748,206 VARICK STREET,41404858,40.72860497,-74.00524098
8773,7417       3 AVENUE ,41406341,40.63201095,-74.02749094
8800,757        FULTON STREET ,41408464,40.68632269,-73.97431876
8805,110 WEST 40 STREET,41408564,40.75374018,-73.98563644
8813,24 WEST 40 STREET,41409233,40.75248211,-73.98264766
8822,222 FRANKLIN STREET,41410058,40.73331609,-73.95808414
8873,3738 RIVERDALE AVENUE,41414123,40.88738724,-73.90713659
8904,782        WASHINGTON AVENUE ,41416298,40.67453585,-73.96320308
8946,474        BERGEN STREET ,41418524,40.68087712,-73.97561292
8954,340 3 AVENUE,41418978,40.74015998,-73.98226092
8985,75         FRANKLIN STREET ,41421237,40.71778629,-74.00439546
8995,2370       UNIVERSITY AVENUE ,41422140,40.86209804,-73.90543457
8997,54         WEST 21 STREET ,41422201,40.74094464,-73.99228978
9056,63 READE STREET,41425805,40.71490416,-74.00652502
9060,2740 HYLAN BOULEVARD,41425977,40.565916,-74.114338
9147,1575 2 AVENUE,41430762,40.77516585,-73.95380219
9157,7523 3 AVENUE,41431607,40.63127592,-74.02779164
9355,484 AMSTERDAM AVENUE,41445602,40.78592954,-73.97637967
9400,200 WEST STREET,41448719,40.71424799,-74.01423616
9437,57 EMPIRE BOULEVARD,41450623,40.66338207,-73.9602519
9503,236        8 AVENUE ,41453860,40.74462333,-73.99889414
9510,881        10 AVENUE ,41454101,40.76951493,-73.98834837
9534,3275       WESTCHESTER AVENUE ,41455194,40.85267216,-73.82780838
9543,293 FLATBUSH AVENUE,41455608,40.67916207,-73.97380862
9562,2011 CHURCH AVENUE,41456579,40.65015211,-73.96088976
9584,44 BERRY STREET,41457453,40.72104513,-73.95650933
9642,610        UTICA AVENUE ,41460224,40.65864233,-73.93119197
9651,1050       FORBELL STREET ,41460812,40.66373528,-73.86042159
9652,1675       LEXINGTON AVENUE ,41460820,40.79156288,-73.94669379
9689,2944 VICTORY BOULEVARD,41462617,40.60719378,-74.16070071
9711,404        EAST 14 STREET ,41463516,40.73125037,-73.98244625
9723,5702 18 AVENUE,41464097,40.62376272,-73.98561576
9793,6          EAST 32 STREET ,41468267,40.74696868,-73.98520993
9801,57         4 AVENUE ,41468766,40.68248261,-73.97952778
9808,687        AMSTERDAM AVENUE ,41468950,40.79235464,-73.97152408
9822,8727 4 AVENUE,41469924,40.62138168,-74.02885745
9843,2775 CONEY ISLAND AVENUE,41470787,40.58885455,-73.96039789
9884,65 BAYARD STREET,41473028,40.71543101,-73.99809554
9917,216 SMITH STREET,41474862,40.68435474,-73.99215359
9965,226        UTICA AVENUE ,41476734,40.67107048,-73.9309785
10008,467 COLUMBUS AVENUE,41478517,40.78411826,-73.97381782
10061,1693 PUTNAM AVENUE,41480580,40.70023563,-73.90685456
10074,10 MURRAY STREET,41481622,40.71321614,-74.00771362
10105,122 WYCKOFF AVENUE,41484288,40.70355874,-73.9181376
10109,2861 WHITE PLAINS ROAD,41484642,40.86737336,-73.86736405
10116,23         WEST 32 STREET ,41485097,40.74747388,-73.98610683
10125,5401 4 AVENUE,41485393,40.64417813,-74.01486801
10189,666        WEST 204 STREET ,41488530,40.86720465,-73.92331121
10206,793 UTICA AVENUE,41489658,40.65385537,-73.93053689
10222,268 6 AVENUE,41490544,40.7293152,-74.00228564
10276,198 GRAND STREET,41494286,40.71920373,-73.99676435
10307,117        PERRY STREET ,41495911,40.73510116,-74.00668081
10331,1304 2 AVENUE,41497741,40.76656974,-73.95991095
10403,2322 86 STREET,41503209,40.60021667,-73.99111543
10410,99         STANTON STREET ,41503751,40.72127565,-73.98810193
10462,2223       86 STREET ,41506388,40.60156971,-73.9930875
10503,668 BAY STREET,41509875,40.62572402,-74.0752109
10564,481 BROOK AVENUE,41513509,40.81334003,-73.91595416
10598,360 PARK AVENUE SOUTH,41515513,40.74203244,-73.98510096
10613,3510  NOSTRAND AVENUE,41516427,40.59841536,-73.94157443
10672,100        MOTT STREET ,41521827,40.7172805,-73.99739372
10683,2233 BOSTON ROAD,41523349,40.85845251,-73.86797123
10707,2406 MERMAID AVENUE,41524912,40.57586051,-73.99121742
10718,2233 GRAND CONCOURSE,41525492,40.85653241,-73.90056526
10729,469 AVENUE OF THE AMERICAS,41526728,40.73555732,-73.99823503
10755,425 7 AVENUE,41529070,40.75037455,-73.99098727
10785,47 WILLOUGHBY AVENUE,41530574,40.6916829,-73.97124099
10813,255 KINGSTON AVENUE,41532006,40.67107673,-73.94196731
10914,610 EXTERIOR STREET,41538914,40.821999,-73.93062002
10959,645 MANHATTAN AVENUE,41541376,40.72420546,-73.95111811
11009,310 LENOX AVENUE,41543410,40.8081622,-73.94511716
11013,736 WEST 181 STREET,41543722,40.85062356,-73.93749452
11022,532 WEST 46 STREET,41543893,40.76251695,-73.99455378
11037,1082 MORRIS PARK AVENUE,41545050,40.84926151,-73.85353889
11059,99 PARK AVENUE,41546054,40.75079695,-73.9785571
11127,947 8 AVENUE,41548870,40.76605259,-73.98344408
11158,192 AVENUE U,41550400,40.59650205,-73.97704071
11184,2010       BARTOW AVENUE ,41552204,40.86905565,-73.83048646
11193,420 PARK AVENUE SOUTH,41552594,40.74388827,-73.98375098
11208,9 CHATHAM SQUARE,41553745,40.71375669,-73.99806939
11256,2601       OCEAN PARKWAY ,41555983,40.58662768,-73.96579515
11256,2601       OCEAN PARKWAY ,41555983,40.58662768,-73.96579515
11268,228        MANHATTAN AVENUE ,41556530,40.71127384,-73.9454885
11295,58         NORTH 3 STREET ,41557798,40.71758119,-73.96346346
11297,656 6 AVENUE,41557895,40.74101014,-73.99409755
11338,1718 HYLAN BOULEVARD,41560644,40.5868532,-74.09156902
11371,765        EAST 82 STREET ,41561999,40.63703523,-73.91233155
11418,2308       1 AVENUE ,41563809,40.79762057,-73.9341406
11427,6420 17 AVENUE,41564598,40.62101142,-73.99203556
11451,123 WEST 13 STREET,41565552,40.73711665,-73.99825925
11481,67 IRVING AVENUE,41567020,40.70445469,-73.9238132
11648,410 EAST 148 STREET,41574568,40.81503304,-73.91756701
11701,3328       FULTON STREET ,41576742,40.68344132,-73.87271739
11739,444        LENOX AVENUE ,41578619,40.81219301,-73.94217214
11749,200 5 AVENUE,41579022,40.74187151,-73.98942998
11806,978 2 AVENUE,41582648,40.75595546,-73.96765306
11832,355 WEST 16 STREET,41583431,40.74178767,-74.00308757
11890,509 MYRTLE AVENUE,41585575,40.69362563,-73.96453044
11894,41 MONROE STREET,41585733,40.71163454,-73.99441288
11897,200 COURT STREET,41585806,40.68707695,-73.99370587
11920,651        ELTON AVENUE ,41586933,40.81838917,-73.91496556
11928,84 7 AVENUE,41587614,40.67490345,-73.97524551
12023,2284 BROADWAY,41592474,40.78595871,-73.97832445
12033,301        WEST TREMONT AVENUE ,41593372,40.85374163,-73.92013556
12119,459        MOTHER GASTON BOULEVARD ,41596927,40.66830975,-73.90643257
12121,2925 VETERANS ROAD WEST,41597047,40.52736021,-74.23063922
12271,228 DEKALB AVENUE,41603746,40.68945239,-73.97016491
12308,472 LORIMER STREET,41605298,40.71102691,-73.94879592
12385,377 KINGSTON AVENUE,41609414,40.66606781,-73.9424336
12455,320 COURT STREET,41612015,40.68324846,-73.99554797
12494,348 WYTHE AVENUE,41613808,40.71428345,-73.96522132
12501,113 WEST 116 STREET,41614161,40.80224573,-73.95005745
12510,524  METROPOLITAN AVENUE,41614516,40.71401127,-73.95142409
12521,391 AVENUE OF THE AMERICAS,41614771,40.73308966,-74.00002882
12534,4523 5 AVENUE,41615280,40.64773584,-74.00748877
12669,100 KENMARE STREET,41620482,40.72116357,-73.99672578
12672,496 EAST 138 STREET,41620893,40.80771749,-73.9197477
12694,47         8 AVENUE ,41622000,40.73835719,-74.00400439
12706,1389 MADISON AVENUE,41622689,40.7874809,-73.95389486
12714,746 LYDIG AVENUE,41622946,40.85440703,-73.86585668
12787,875        FLATBUSH AVENUE ,41625337,40.65073278,-73.95872507
12802,960 LEXINGTON AVENUE,41626009,40.76912074,-73.96323806
12818,1114 AVENUE OF THE AMERICAS,41626556,40.75538997,-73.98363359
12819,35         ANDROVETTE STREET ,41626578,40.53503979,-74.23719151
12835,3431       BOSTON ROAD ,41627133,40.87607379,-73.84948685
12838,116 LEXINGTON AVENUE,41627217,40.74258823,-73.98258588
12888,666        BUSHWICK AVENUE ,41628450,40.69722648,-73.93223063
12916,63 AVENUE D,41629135,40.72207424,-73.97728906
12962,13         GRAHAM AVENUE ,41630103,40.70161096,-73.94233717
12964,2553       AMSTERDAM AVENUE ,41630109,40.85160287,-73.92826233
13070,1531       FULTON STREET ,41632951,40.67992456,-73.93995671
13088,6301 8 AVENUE,41633622,40.63374426,-74.0112867
13127,11         WEST 36 STREET ,41634845,40.75028381,-73.9848036
13184,818        54 STREET ,41636680,40.63856438,-74.00563956
13254,1611 BROADWAY,41638716,40.76077789,-73.98453914
13259,117 WEST 57 STREET,41638918,40.76459151,-73.97768185
13303,191        EAST 161 STREET ,41640311,40.82655287,-73.92147097
13312,26         EAST 91 STREET ,41640757,40.78428777,-73.95721851
13324,3167 BAINBRIDGE AVENUE,41640977,40.8754702,-73.87959672
13448,1431       FULTON STREET ,41644300,40.68014643,-73.94403686
13461,75 BAXTER STREET,41644891,40.71629545,-74.00000141
13481,1101       EAST TREMONT AVENUE ,41645432,40.84004013,-73.87735637
13500,2051 2 AVENUE,41645764,40.79023371,-73.94280279
13575,202 8 AVENUE,41647939,40.74355324,-73.99967178
13674,1642 HYLAN BOULEVARD,41651300,40.58848454,-74.090129
13750,341        LENOX AVENUE ,41653879,40.80917468,-73.94454495
13757,166 NORTH 7 STREET,41654334,40.7177686,-73.95773241
13784,1422 ST NICHOLAS AVENUE,41655272,40.84931162,-73.93365499
13810,3706 3 AVENUE,41656299,40.83537186,-73.90319706
13816,774 9 AVENUE,41656679,40.76449514,-73.98812628
13817,564 KAPPOCK STREET,41656750,40.87895514,-73.91677312
13824,83 ESSEX STREET,41657018,40.71845963,-73.98832898
13858,67 WEST 23 STREET,41658609,40.7424931,-73.991682
13935,3929 WHITE PLAINS ROAD,41661581,40.8865579,-73.8612374
13990,1453 FOREST AVENUE,41664273,40.6245051,-74.13699893
13996,47         EAST 29 STREET ,41664434,40.74447635,-73.98473735
14058,70 VANDERBILT AVENUE,41667036,40.75468811,-73.97680827
14086,290        MADISON AVENUE ,41668582,40.75185808,-73.98005779
14118,800        GRAND STREET ,41670240,40.71184095,-73.94131652
14150,320 EAST 6 STREET,41671728,40.72713377,-73.98804988
14162,805 COLUMBUS AVENUE,41672122,40.79500456,-73.96587442
14170,3719       CHURCH AVENUE ,41672278,40.65117659,-73.9426425
14211,2530       VICTORY BOULEVARD ,41673927,40.60965116,-74.14775089
14235,162 THROOP AVENUE,41674774,40.6996689,-73.94431006
14240,434 KINGS HIGHWAY,41675147,40.60432986,-73.97399108
14326,160 HAVEMEYER STREET,41678767,40.71141923,-73.95773431
14336,193 SCHERMERHORN STREET,41679009,40.68911969,-73.98625543
14357,424 WEST 33 STREET,41679739,40.75310212,-73.99784375
14427,1437 1 AVENUE,41682554,40.76967713,-73.9547143
14431,8774       BAY PARKWAY ,41682774,40.59850976,-73.99747579
14644,9 EAST 40 STREET,41689516,40.75197085,-73.9811368
14680,249 WEST 231 STREET,41690532,40.87984206,-73.90651161
14721,52 WEST 33 STREET,41692061,40.74837447,-73.98663554
14729,163 MULBERRY STREET,41692397,40.71970821,-73.99722658
14789,1267       JEROME AVENUE ,41694156,40.83737756,-73.92054945
14807,118 CHAMBERS STREET,41694389,40.7151208,-74.00850471
14843,2050 86 STREET,41695581,40.60384438,-73.99710566
14862,119        EAST MOUNT EDEN AVENUE ,41696159,40.84363265,-73.9128078
14889,12 EAST 49 STREET,41696748,40.75763065,-73.97713748
14902,688        FRANKLIN AVENUE ,41697040,40.67497908,-73.95648651
14906,5578 BROADWAY,41697115,40.87891428,-73.90471168
14938,675 8 AVENUE,41698175,40.75777287,-73.98947826
14965,473        LENOX AVENUE ,41698781,40.81319489,-73.94160774
14978,33-41      FRANCIS LEWIS BOULEVARD ,41699276,40.76650512,-73.78981497
15008,55         BOND STREET ,41699976,40.72614166,-73.99323105
15061,111        EAST 18 STREET ,41701274,40.73690732,-73.98786097
15081,297 BROADWAY,41701643,40.70849098,-73.9579139
15108,1066 FLATBUSH AVENUE,41702516,40.64481931,-73.95807209
15181,1884 PARK AVENUE,41703888,40.8071506,-73.93759044
15231,2460 NOSTRAND AVENUE,41704669,40.62472957,-73.94656031
15240,430 EAST 14 STREET,41704800,40.73102268,-73.98189111
15264,111 EAST 56 STREET,41705359,40.76078513,-73.97073663
15314,237        MADISON AVENUE ,41706115,40.74982471,-73.98137537
15315,1282       SOUTHERN BOULEVARD ,41706118,40.83022043,-73.89177456
15390,900 MORRIS PARK AVENUE,41707964,40.84662244,-73.85938008
15397,2515       7 AVENUE ,41708185,40.82212273,-73.93863987
15476,1724 CONEY ISLAND AVENUE,41709897,40.61536596,-73.96346578
15486,1215 LEXINGTON AVENUE,41710235,40.77714192,-73.95722104
15495,5217 13 AVENUE,41710474,40.63320991,-73.99391664
15534,340        VICTORY BOULEVARD ,41711029,40.63378197,-74.08573517
15592,2496       ELM PLACE ,41712453,40.8618092,-73.89373107
15606,2026       LEXINGTON AVENUE ,41712855,40.80323435,-73.93833481
15638,239        BEACH 20 STREET ,41713537,40.59600596,-73.75409584
15675,160 CENTRAL PARK SOUTH,41715036,40.76635434,-73.97799013
15718,100        WEST 124 STREET ,41716448,40.80708596,-73.94609847
15747,3014       MIDDLETOWN ROAD ,41717156,40.8439659,-73.82987092
15788,3462 FULTON STREET,41718245,40.68481283,-73.8678993
15911,265 LAFAYETTE STREET,41721252,40.72344366,-73.99659482
15916,735 2 AVENUE,41721390,40.74822267,-73.97345341
15921,525        HUDSON STREET ,41721444,40.73405038,-74.0063169
15930,3910       BROADWAY ,41721673,40.83812065,-73.94182787
15964,11 WEST 32 STREET,41722462,40.74734301,-73.98579824
16010,486        KINGS HIGHWAY ,50000037,40.60417863,-73.97181352
16050,357        WEST BROADWAY ,50000120,40.72296106,-74.00319106
16066,107-11 101 AVENUE,50000149,40.68709238,-73.83627121
16771,90-40      160 STREET ,50001691,40.70457016,-73.79974529
16879,2109       STARLING AVENUE ,50001907,40.83613371,-73.8548568
17067,308 WEST 50 STREET,50002337,40.76235499,-73.9864079
17421,1773 LEXINGTON AVENUE,50003257,40.79476257,-73.94435644
17686,2755       BROADWAY ,50004346,40.80133399,-73.9679533
17715,220        BOWERY ,50004432,40.72187161,-73.99351033
17741,1800       BROADWAY ,50004503,40.76715672,-73.98163673
17823,24         EAST 39 STREET ,50004793,40.75083661,-73.98066085
17853,1316 AVENUE M,50004901,40.61776846,-73.96170808
18154,8518       3 AVENUE ,50005895,40.62416971,-74.03084754
19074,1759       BROADWAY ,50010029,40.68280949,-73.91016406
19376,22         PECK SLIP ,50011353,40.70845795,-74.00218653
19463,337 WEST 14 STREET,50011770,40.74021993,-74.00348824
20835,245 FLATBUSH AVENUE,50017190,40.68088081,-73.97506752
21716,1695 BROADWAY,50032872,40.68392932,-73.91214194
21953,712 AVENUE U,50033545,40.59794856,-73.96394026
